hashlen,32
filecount,10000
row_ones_mean,0.7899305555555556,row_ones_stdev,0.22059544533272485
col_ones_mean,0.7899305555555556,col_ones_stdev,0.033897418161128415
column_means,0.8148148148148148,0.7407407407407407,0.7592592592592593,0.8518518518518519,0.7962962962962963,0.7592592592592593,0.7407407407407407,0.7962962962962963,0.8148148148148148,0.8333333333333334,0.7592592592592593,0.8148148148148148,0.7962962962962963,0.7407407407407407,0.7962962962962963,0.7407407407407407,0.8333333333333334,0.8518518518518519,0.8148148148148148,0.7777777777777778,0.7962962962962963,0.8333333333333334,0.7777777777777778,0.7962962962962963,0.7592592592592593,0.7962962962962963,0.7962962962962963,0.7962962962962963,0.8333333333333334,0.7777777777777778,0.7407407407407407,0.7407407407407407
column_means_sorted,0.7407407407407407,0.7407407407407407,0.7407407407407407,0.7407407407407407,0.7407407407407407,0.7407407407407407,0.7592592592592593,0.7592592592592593,0.7592592592592593,0.7592592592592593,0.7777777777777778,0.7777777777777778,0.7777777777777778,0.7962962962962963,0.7962962962962963,0.7962962962962963,0.7962962962962963,0.7962962962962963,0.7962962962962963,0.7962962962962963,0.7962962962962963,0.7962962962962963,0.8148148148148148,0.8148148148148148,0.8148148148148148,0.8148148148148148,0.8333333333333334,0.8333333333333334,0.8333333333333334,0.8333333333333334,0.8518518518518519,0.8518518518518519
collision_count,0
